datetime,close-price
2021-01-19 09:39,41.39500
2021-01-19 09:49,42.75500
2021-01-19 09:59,40.71000
2021-01-19 10:09,38.10000
2021-01-19 10:19,38.75000
2021-01-19 10:29,37.61000
2021-01-19 10:39,37.84000
2021-01-19 10:49,38.40990
2021-01-19 10:59,37.75000
2021-01-19 11:09,38.61500
2021-01-19 11:19,38.87500
2021-01-19 11:29,38.48010
2021-01-19 11:39,38.29990
2021-01-19 11:49,38.54500
2021-01-19 11:59,39.62010
2021-01-19 12:09,41.09200
2021-01-19 12:19,40.78000
2021-01-19 12:29,40.98500
2021-01-19 12:39,41.17000
2021-01-19 12:49,41.08500
2021-01-19 12:59,42.06720
2021-01-19 13:09,41.65770
2021-01-19 13:19,40.84570
2021-01-19 13:29,40.97000
2021-01-19 13:39,40.84260
2021-01-19 13:49,40.79500
2021-01-19 13:59,40.94000
2021-01-19 14:09,40.51000
2021-01-19 14:19,40.24000
2021-01-19 14:29,39.89000
2021-01-19 14:39,39.87000
2021-01-19 14:49,40.51960
2021-01-19 14:59,40.27600
2021-01-19 15:09,40.40500
2021-01-19 15:19,39.98500
2021-01-19 15:29,39.88000
2021-01-19 15:39,39.01500
2021-01-19 15:49,39.31000
2021-01-19 15:59,39.51500
2021-01-20 09:39,38.73000
2021-01-20 09:49,38.41000
2021-01-20 09:59,37.91750
2021-01-20 10:09,37.96000
2021-01-20 10:19,36.91380
2021-01-20 10:29,36.70000
2021-01-20 10:39,37.95000
2021-01-20 10:49,37.66700
2021-01-20 10:59,36.85000
2021-01-20 11:09,37.22500
2021-01-20 11:19,38.00010
2021-01-20 11:29,38.77930
2021-01-20 11:39,39.80920
2021-01-20 11:49,39.00500
2021-01-20 11:59,39.35000
2021-01-20 12:09,39.43000
2021-01-20 12:19,38.97000
2021-01-20 12:29,38.62680
2021-01-20 12:39,38.36490
2021-01-20 12:49,38.62000
2021-01-20 12:59,38.67000
2021-01-20 13:09,38.35000
2021-01-20 13:19,38.22000
2021-01-20 13:29,38.56100
2021-01-20 13:39,38.66490
2021-01-20 13:49,39.09070
2021-01-20 13:59,39.27500
2021-01-20 14:09,39.45500
2021-01-20 14:19,39.22000
2021-01-20 14:29,39.10000
2021-01-20 14:39,39.04990
2021-01-20 14:49,39.45500
2021-01-20 14:59,39.60000
2021-01-20 15:09,39.82000
2021-01-20 15:19,39.26000
2021-01-20 15:29,39.04010
2021-01-20 15:39,39.00000
2021-01-20 15:49,39.12010
2021-01-20 15:59,39.14000
2021-01-21 09:39,38.37500
2021-01-21 09:49,38.14000
2021-01-21 09:59,38.50000
2021-01-21 10:09,38.28500
2021-01-21 10:19,39.08500
2021-01-21 10:29,38.81000
2021-01-21 10:39,39.70000
2021-01-21 10:49,39.98500
2021-01-21 10:59,39.86750
2021-01-21 11:09,39.64500
2021-01-21 11:19,39.60000
2021-01-21 11:29,40.30000
2021-01-21 11:39,40.97000
2021-01-21 11:49,43.13000
2021-01-21 11:59,42.25010
2021-01-21 12:09,40.10500
2021-01-21 12:19,39.20500
2021-01-21 12:29,39.02000
2021-01-21 12:39,39.78360
2021-01-21 12:49,39.87010
2021-01-21 12:59,39.65000
2021-01-21 13:09,40.66000
2021-01-21 13:19,41.08500
2021-01-21 13:29,41.34000
2021-01-21 13:39,41.09000
2021-01-21 13:49,41.37310
2021-01-21 13:59,42.21800
2021-01-21 14:09,41.81250
2021-01-21 14:19,41.92000
2021-01-21 14:29,41.99970
2021-01-21 14:39,41.84000
2021-01-21 14:49,41.07280
2021-01-21 14:59,40.56000
2021-01-21 15:09,40.87010
2021-01-21 15:19,41.94000
2021-01-21 15:29,42.61210
2021-01-21 15:39,42.13000
2021-01-21 15:49,42.46500
2021-01-21 15:59,43.02500
2021-01-22 09:39,44.05000
2021-01-22 09:49,44.63740
2021-01-22 09:59,45.98000
2021-01-22 10:09,45.47500
2021-01-22 10:19,44.91000
2021-01-22 10:29,45.57000
2021-01-22 10:39,45.16000
2021-01-22 10:49,47.27000
2021-01-22 10:59,47.67950
2021-01-22 11:09,48.21000
2021-01-22 11:19,48.93010
2021-01-22 11:29,48.60500
2021-01-22 11:39,49.53020
2021-01-22 11:49,51.25500
2021-01-22 11:59,52.20000
2021-01-22 12:09,53.83990
2021-01-22 12:19,55.01000
2021-01-22 12:29,61.50000
2021-01-22 12:39,67.66310
2021-01-22 12:49,73.09000
2021-01-22 12:59,70.30000
2021-01-22 13:09,60.86000
2021-01-22 13:19,58.39000
2021-01-22 13:29,59.14000
2021-01-22 13:39,62.35000
2021-01-22 13:49,59.55480
2021-01-22 13:59,55.10970
2021-01-22 14:09,58.69000
2021-01-22 14:19,59.73280
2021-01-22 14:29,59.57500
2021-01-22 14:39,58.80000
2021-01-22 14:49,59.07710
2021-01-22 14:59,59.18000
2021-01-22 15:09,57.25500
2021-01-22 15:19,61.03000
2021-01-22 15:29,61.13000
2021-01-22 15:39,60.61000
2021-01-22 15:49,62.29000
2021-01-22 15:59,64.85000
2021-01-25 09:49,90.27000
2021-01-25 09:59,89.76000
2021-01-25 10:09,88.60060
2021-01-25 10:19,108.73100
2021-01-25 10:29,120.00000
2021-01-25 10:39,139.16319
2021-01-25 11:09,100.00000
2021-01-25 11:19,108.99000
2021-01-25 11:39,94.42600
2021-01-25 11:49,94.23250
2021-01-25 11:59,99.56000
2021-01-25 12:09,89.05330
2021-01-25 12:19,69.50000
2021-01-25 12:39,79.29000
2021-01-25 12:49,76.49990
2021-01-25 12:59,69.32760
2021-01-25 13:09,70.30000
2021-01-25 13:19,73.94000
2021-01-25 13:29,69.31990
2021-01-25 13:39,70.95200
2021-01-25 13:49,73.90000
2021-01-25 13:59,76.74990
2021-01-25 14:09,77.82990
2021-01-25 14:19,80.49000
2021-01-25 14:29,82.20000
2021-01-25 14:39,82.78990
2021-01-25 14:49,82.48990
2021-01-25 14:59,77.00010
2021-01-25 15:09,73.27010
2021-01-25 15:19,76.66990
2021-01-25 15:29,78.99000
2021-01-25 15:39,81.02980
2021-01-25 15:49,78.31000
2021-01-25 15:59,76.76500
2021-01-26 09:39,85.45000
2021-01-26 09:49,89.51500
2021-01-26 09:59,87.19870
2021-01-26 10:09,86.38010
2021-01-26 10:19,82.40000
2021-01-26 10:29,82.60000
2021-01-26 10:39,90.81410
2021-01-26 10:49,88.50000
2021-01-26 10:59,87.61010
2021-01-26 11:09,89.35000
2021-01-26 11:19,86.38000
2021-01-26 11:29,87.42990
2021-01-26 11:39,88.26890
2021-01-26 11:49,87.94000
2021-01-26 11:59,87.79990
2021-01-26 12:09,90.19600
2021-01-26 12:19,91.50000
2021-01-26 12:29,92.59000
2021-01-26 12:39,96.80190
2021-01-26 12:49,109.76000
2021-01-26 12:59,105.55560
2021-01-26 13:09,102.75000
2021-01-26 13:19,107.50000
2021-01-26 13:29,112.01000
2021-01-26 13:39,114.22880
2021-01-26 13:49,110.91990
2021-01-26 13:59,114.54990
2021-01-26 14:09,116.62410
2021-01-26 14:19,119.17000
2021-01-26 14:29,122.19000
2021-01-26 14:39,123.33700
2021-01-26 14:49,140.13000
2021-01-26 14:59,131.98990
2021-01-26 15:09,137.96040
2021-01-26 15:19,146.11050
2021-01-26 15:29,148.38000
2021-01-26 15:39,132.33000
2021-01-26 15:49,146.26990
2021-01-26 15:59,145.96500
2021-01-27 09:39,289.60001
2021-01-27 09:49,300.17999
2021-01-27 09:59,310.69000
2021-01-27 10:09,284.87411
2021-01-27 10:19,273.14001
2021-01-27 10:29,277.01001
2021-01-27 10:39,289.01010
2021-01-27 10:49,331.10999
2021-01-27 10:59,371.82001
2021-01-27 11:09,369.00000
2021-01-27 11:19,347.43951
2021-01-27 11:29,362.36401
2021-01-27 11:39,363.69260
2021-01-27 11:49,344.00000
2021-01-27 11:59,312.60999
2021-01-27 12:09,332.49011
2021-01-27 12:19,322.28000
2021-01-27 12:29,303.10001
2021-01-27 12:39,330.97501
2021-01-27 12:49,345.68030
2021-01-27 12:59,342.50000
2021-01-27 13:09,333.00000
2021-01-27 13:19,331.52039
2021-01-27 13:29,323.17999
2021-01-27 13:39,332.39600
2021-01-27 13:49,334.88980
2021-01-27 13:59,326.59000
2021-01-27 14:09,325.11191
2021-01-27 14:19,316.00000
2021-01-27 14:29,302.79379
2021-01-27 14:39,308.91370
2021-01-27 14:49,324.14001
2021-01-27 14:59,319.60059
2021-01-27 15:09,338.69989
2021-01-27 15:19,347.00000
2021-01-27 15:29,335.82471
2021-01-27 15:39,341.00000
2021-01-27 15:49,339.57251
2021-01-27 15:59,347.23291
2021-01-28 09:39,351.82001
2021-01-28 09:49,395.23001
2021-01-28 09:59,468.48999
2021-01-28 10:09,411.77759
2021-01-28 10:29,396.50500
2021-01-28 10:39,330.66000
2021-01-28 11:19,126.01000
2021-01-28 11:59,255.76140
2021-01-28 12:09,307.16809
2021-01-28 12:19,282.51990
2021-01-28 12:29,278.70441
2021-01-28 12:49,257.23590
2021-01-28 12:59,239.66560
2021-01-28 13:09,226.89999
2021-01-28 13:19,219.90410
2021-01-28 13:29,231.46899
2021-01-28 13:39,235.30600
2021-01-28 13:49,237.71930
2021-01-28 13:59,242.82581
2021-01-28 14:09,237.92999
2021-01-28 14:19,227.82401
2021-01-28 14:29,229.00000
2021-01-28 14:39,222.65120
2021-01-28 14:49,259.15500
2021-01-28 14:59,247.72079
2021-01-28 15:09,254.22150
2021-01-28 15:19,241.99989
2021-01-28 15:29,225.46001
2021-01-28 15:39,228.55630
2021-01-28 15:49,233.53790
2021-01-28 15:59,197.44000
2021-01-29 09:39,333.00009
2021-01-29 09:49,339.98010
2021-01-29 09:59,317.37000
2021-01-29 10:09,310.35001
2021-01-29 10:19,306.05310
2021-01-29 10:29,315.00000
2021-01-29 10:39,317.00009
2021-01-29 10:49,337.19989
2021-01-29 10:59,334.88000
2021-01-29 11:09,322.00000
2021-01-29 11:19,338.15060
2021-01-29 11:29,335.88629
2021-01-29 11:39,328.98010
2021-01-29 11:49,334.03000
2021-01-29 11:59,340.16559
2021-01-29 12:09,360.79279
2021-01-29 12:19,350.01001
2021-01-29 12:29,349.00000
2021-01-29 12:39,335.02841
2021-01-29 12:49,322.64569
2021-01-29 12:59,328.01999
2021-01-29 13:09,328.00009
2021-01-29 13:19,323.35501
2021-01-29 13:29,318.79999
2021-01-29 13:39,306.62900
2021-01-29 13:49,286.01999
2021-01-29 13:59,277.92810
2021-01-29 14:09,286.40390
2021-01-29 14:19,265.00000
2021-01-29 14:29,255.49400
2021-01-29 14:39,280.00000
2021-01-29 14:49,296.82990
2021-01-29 14:59,284.73999
2021-01-29 15:09,304.56470
2021-01-29 15:19,311.95001
2021-01-29 15:29,305.31009
2021-01-29 15:39,311.32010
2021-01-29 15:49,328.75000
2021-01-29 15:59,327.50000
2021-02-01 09:39,315.85501
2021-02-01 09:49,295.00009
2021-02-01 09:59,269.99991
2021-02-01 10:09,267.11081
2021-02-01 10:19,255.44501
2021-02-01 10:39,254.61000
2021-02-01 10:49,227.00000
2021-02-01 10:59,237.23000
2021-02-01 11:09,244.35001
2021-02-01 11:19,248.36990
2021-02-01 11:29,273.85001
2021-02-01 11:39,262.64999
2021-02-01 11:49,271.98999
2021-02-01 11:59,259.20001
2021-02-01 12:09,256.06711
2021-02-01 12:19,243.60970
2021-02-01 12:29,251.30290
2021-02-01 12:39,249.99989
2021-02-01 12:49,245.00999
2021-02-01 12:59,248.00000
2021-02-01 13:09,246.50000
2021-02-01 13:19,233.00011
2021-02-01 13:29,239.00011
2021-02-01 13:39,237.33009
2021-02-01 13:49,232.04601
2021-02-01 13:59,250.00000
2021-02-01 14:09,244.21001
2021-02-01 14:19,247.97000
2021-02-01 14:29,244.99989
2021-02-01 14:39,244.40691
2021-02-01 14:49,241.82010
2021-02-01 14:59,240.18280
2021-02-01 15:09,233.91000
2021-02-01 15:19,236.34480
2021-02-01 15:29,233.97000
2021-02-01 15:39,228.26010
2021-02-01 15:49,220.30910
2021-02-01 15:59,225.00999
2021-02-02 09:49,112.87210
2021-02-02 09:59,115.00000
2021-02-02 10:09,114.24770
2021-02-02 10:19,111.96700
2021-02-02 10:29,104.64990
2021-02-02 10:39,91.75130
2021-02-02 10:49,81.45500
2021-02-02 10:59,91.50000
2021-02-02 11:09,98.55000
2021-02-02 11:49,132.20270
2021-02-02 12:09,115.21740
2021-02-02 12:19,114.33390
2021-02-02 12:29,115.51000
2021-02-02 12:39,120.03500
2021-02-02 12:49,117.11000
2021-02-02 12:59,117.95000
2021-02-02 13:09,113.29000
2021-02-02 13:19,106.00000
2021-02-02 13:29,113.05610
2021-02-02 13:39,108.25000
2021-02-02 13:49,104.91390
2021-02-02 13:59,103.68820
2021-02-02 14:09,104.28000
2021-02-02 14:19,107.83490
2021-02-02 14:29,98.01000
2021-02-02 14:39,96.49000
2021-02-02 14:49,101.37000
2021-02-02 14:59,99.30000
2021-02-02 15:09,99.49000
2021-02-02 15:19,99.07000
2021-02-02 15:29,95.00000
2021-02-02 15:39,95.74010
2021-02-02 15:49,92.81000
2021-02-02 15:59,90.21010
2021-02-03 09:39,101.96480
2021-02-03 09:49,98.50000
2021-02-03 09:59,92.89000
2021-02-03 10:09,87.50000
2021-02-03 10:19,90.42000
2021-02-03 10:29,90.30020
2021-02-03 10:39,92.32010
2021-02-03 10:49,97.90820
2021-02-03 10:59,99.43000
2021-02-03 11:09,97.41010
2021-02-03 11:19,93.29930
2021-02-03 11:29,93.92000
2021-02-03 11:39,92.17000
2021-02-03 11:49,95.39000
2021-02-03 11:59,93.55000
2021-02-03 12:09,93.80000
2021-02-03 12:19,95.42620
2021-02-03 12:29,98.11670
2021-02-03 12:39,96.80990
2021-02-03 12:49,100.00000
2021-02-03 12:59,99.90700
2021-02-03 13:09,101.35000
2021-02-03 13:19,101.60010
2021-02-03 13:29,101.45480
2021-02-03 13:39,99.87000
2021-02-03 13:49,107.99990
2021-02-03 13:59,106.71000
2021-02-03 14:09,104.60000
2021-02-03 14:19,102.87110
2021-02-03 14:29,102.73000
2021-02-03 14:39,103.13790
2021-02-03 14:49,102.99000
2021-02-03 14:59,98.00000
2021-02-03 15:09,97.50000
2021-02-03 15:19,95.04750
2021-02-03 15:29,92.45000
2021-02-03 15:39,94.55000
2021-02-03 15:49,93.44630
2021-02-03 15:59,92.04310
2021-02-04 09:39,84.96810
2021-02-04 09:49,82.46500
2021-02-04 09:59,83.39000
2021-02-04 10:09,83.77000
2021-02-04 10:19,80.09050
2021-02-04 10:29,74.81000
2021-02-04 10:39,77.27000
2021-02-04 10:49,73.59650
2021-02-04 10:59,71.40000
2021-02-04 11:09,71.30010
2021-02-04 11:19,65.98000
2021-02-04 11:29,63.51000
2021-02-04 11:39,64.95000
2021-02-04 11:49,64.14500
2021-02-04 11:59,68.58010
2021-02-04 12:09,67.66000
2021-02-04 12:19,69.50010
2021-02-04 12:29,68.66500
2021-02-04 12:39,66.00010
2021-02-04 12:49,65.53000
2021-02-04 12:59,64.34000
2021-02-04 13:09,61.42850
2021-02-04 13:19,57.31010
2021-02-04 13:29,59.43000
2021-02-04 13:39,59.89230
2021-02-04 13:49,60.55110
2021-02-04 13:59,60.00010
2021-02-04 14:09,59.25900
2021-02-04 14:19,59.13080
2021-02-04 14:29,59.37500
2021-02-04 14:39,59.72910
2021-02-04 14:49,59.50000
2021-02-04 15:09,56.15750
2021-02-04 15:19,55.91000
2021-02-04 15:29,57.30000
2021-02-04 15:39,55.53000
2021-02-04 15:49,54.54000
2021-02-04 15:59,53.34990
2021-02-05 09:39,53.92000
2021-02-05 09:49,67.34000
2021-02-05 09:59,82.77000
2021-02-05 10:19,73.16000
2021-02-05 10:29,70.75000
2021-02-05 10:39,73.60000
2021-02-05 10:49,68.31010
2021-02-05 10:59,71.00000
2021-02-05 11:09,73.00000
2021-02-05 11:19,71.48000
2021-02-05 11:29,69.36150
2021-02-05 11:39,62.96000
2021-02-05 11:49,65.16000
2021-02-05 11:59,64.58630
2021-02-05 12:09,62.10000
2021-02-05 12:19,62.26990
2021-02-05 12:29,65.68000
2021-02-05 12:39,65.00000
2021-02-05 12:49,63.55000
2021-02-05 12:59,63.55000
2021-02-05 13:09,63.20000
2021-02-05 13:19,63.80000
2021-02-05 13:29,62.41000
2021-02-05 13:39,59.12950
2021-02-05 13:49,57.36000
2021-02-05 13:59,61.00000
2021-02-05 14:09,61.60000
2021-02-05 14:19,61.66000
2021-02-05 14:29,60.67000
2021-02-05 14:39,62.41000
2021-02-05 14:49,61.03010
2021-02-05 14:59,61.12000
2021-02-05 15:09,61.65000
2021-02-05 15:19,61.40000
2021-02-05 15:29,60.76000
2021-02-05 15:39,61.23000
2021-02-05 15:49,63.83000
2021-02-05 15:59,63.76010
