datetime,positive,updated_positive,negative,updated_negative
2021-01-24 00,0,0,0,0
2021-01-24 01,0,0,0,0
2021-01-24 02,0,0,0,0
2021-01-24 03,0,0,0,0
2021-01-24 04,0,0,0,0
2021-01-24 05,0,0,0,0
2021-01-24 06,0,0,0,0
2021-01-24 07,0,0,0,0
2021-01-24 08,0,0,0,0
2021-01-24 09,0,0,0,0
2021-01-24 10,0,0,0,0
2021-01-24 11,0,0,0,0
2021-01-24 12,0,0,0,0
2021-01-24 13,0,0,0,0
2021-01-24 14,0,0,0,0
2021-01-24 15,0,0,0,0
2021-01-24 16,0,0,0,0
2021-01-24 17,0,0,0,0
2021-01-24 18,0,0,0,0
2021-01-24 19,504.19579999999866,623.1706000000005,-487.7894000000004,-345.1533999999994
2021-01-24 20,1875.905799999994,2105.632200000012,-902.8267000000034,-619.5707000000015
2021-01-24 21,2717.339699999976,2923.617699999988,-1257.0034000000023,-918.9130000000042
2021-01-24 22,2722.1136999999762,2953.1325999999767,-987.1509000000027,-611.9165000000017
2021-01-24 23,3083.246599999989,3435.90869999999,-1202.462000000007,-970.5253000000008
2021-01-25 00,2526.748599999981,2923.3762999999744,-1265.3313999999957,-825.6155000000016
2021-01-25 01,2551.414299999966,3063.1954999999816,-1142.5647000000033,-780.577000000001
2021-01-25 02,2596.2239999999806,3262.2174999999793,-1110.836000000007,-720.8153000000035
2021-01-25 03,2189.9303999999906,2983.09139999996,-1083.1646000000028,-671.5418999999999
2021-01-25 04,4356.85589999996,6610.878700000095,-3754.9821000000643,-2215.193400000021
2021-01-25 05,3633.3067999999503,4864.686800000028,-2040.6970999999855,-1279.9745000000007
2021-01-25 06,3392.239099999931,4282.5225999999875,-1797.2240999999988,-1210.344600000004
2021-01-25 07,3918.55429999993,5026.619600000015,-1945.0655999999924,-1347.2659999999967
2021-01-25 08,5471.292800000011,6729.552100000038,-3312.416899999978,-2391.0608999999745
2021-01-25 09,7005.7056000004,9265.084700000178,-4075.643000000001,-2879.6105999999927
2021-01-25 10,12257.23190000034,17725.048999998955,-7144.124800000224,-4885.389700000079
2021-01-25 11,15101.185800000927,22125.670199999764,-10079.079099999904,-7247.817600000041
2021-01-25 12,17257.535300000814,25354.525399999,-11541.717199999943,-7723.751800000241
2021-01-25 13,10701.769600000449,13881.599699999724,-5299.310200000071,-3130.829899999998
2021-01-25 14,10093.416800000368,12120.217299999615,-4729.507600000026,-3288.1738999999857
2021-01-25 15,8842.220900000344,11001.778099999778,-5802.652600000167,-4187.227899999999
2021-01-25 16,10541.202200000133,12416.314599999534,-5250.404300000073,-3787.8590000000095
2021-01-25 17,9034.855500000198,10308.790399999938,-4272.001400000003,-2824.031300000007
2021-01-25 18,7099.638300000262,8508.488000000207,-3178.7868000000067,-2154.601400000001
2021-01-25 19,8806.236400000334,10963.337999999805,-4329.985099999981,-2681.295599999966
2021-01-25 20,8490.143500000362,10407.54469999998,-4593.93370000004,-3095.2240999999713
2021-01-25 21,7577.7388000002875,9134.522200000112,-4245.166999999995,-2920.5173999999915
2021-01-25 22,6766.337600000201,8084.7943000002515,-3660.904300000001,-2535.253599999988
2021-01-25 23,6825.788700000207,8641.53790000013,-3713.5473000000115,-2461.5328000000013
2021-01-26 00,5959.667800000138,7257.262100000171,-2861.770999999989,-1973.6018000000029
2021-01-26 01,4379.771099999951,5511.066700000046,-2451.187799999976,-1637.3127
2021-01-26 02,3702.3990999999496,4677.095699999993,-2044.5523999999843,-1365.6630000000025
2021-01-26 03,3529.9668999999344,4722.229900000003,-2367.1784999999927,-1512.3226000000072
2021-01-26 04,3035.8604999999734,4120.18779999996,-1760.3076999999882,-1211.9393000000025
2021-01-26 05,3450.815399999941,5079.711900000047,-2101.204999999991,-1343.4502999999877
2021-01-26 06,3425.9917999999648,4304.726099999973,-1881.988299999981,-1299.8688999999995
2021-01-26 07,4606.332999999991,5895.037900000056,-2658.6674000000075,-1934.6357999999836
2021-01-26 08,5452.662700000082,7016.495900000248,-3076.8277999999964,-2047.0318999999974
2021-01-26 09,6669.186300000125,8670.40910000011,-3200.5683999999937,-2438.1489999999962
2021-01-26 10,7017.621800000165,9226.322300000089,-4306.340099999992,-2953.280899999988
2021-01-26 11,8417.74450000026,10712.433499999892,-4068.4776999999685,-2856.381399999985
2021-01-26 12,7482.9614000001975,10264.343099999913,-4063.0503999999864,-2652.8479999999745
2021-01-26 13,10891.049400000456,16250.560199999063,-6713.384000000105,-4618.259000000058
2021-01-26 14,12686.153100000312,17974.88769999901,-6097.09250000015,-3700.1280000000147
2021-01-26 15,15677.728300000488,20714.396199999504,-8008.663000000277,-4785.893200000065
2021-01-26 16,19217.23490000064,25403.141000000276,-9553.82330000015,-6427.0939000001745
2021-01-26 17,22254.621400000553,27747.80900000019,-11726.287899999665,-8615.868600000098
2021-01-26 18,19336.288900000698,24472.325099999653,-10723.80669999997,-7145.901400000289
2021-01-26 19,19113.54110000013,22051.63339999937,-10471.390100000142,-8482.742100000305
2021-01-26 20,18457.962500000227,21892.69440000012,-10811.2413000001,-7949.4493000003495
2021-01-26 21,16956.87180000049,20360.839999999665,-9831.394400000045,-7026.827300000209
2021-01-26 22,17370.927600000396,20374.908899999795,-9731.518399999983,-7384.448000000108
2021-01-26 23,17693.213100000066,21295.683699999478,-9351.991100000187,-6983.112600000211
2021-01-27 00,15598.305599999816,18374.161999999305,-8091.691800000232,-5913.314700000113
2021-01-27 01,11453.16680000005,13730.740599999444,-5745.879900000089,-3579.62219999996
2021-01-27 02,8988.636900000465,10935.025399999937,-5009.7229000001025,-3121.7312999999804
2021-01-27 03,7777.8564000003325,9623.11410000007,-4557.618200000006,-2965.840399999962
2021-01-27 04,6871.0255000001425,8547.296700000174,-3946.472000000023,-2711.4240000000236
2021-01-27 05,10227.768900000261,14157.904499999539,-6396.602300000253,-4012.725400000005
2021-01-27 06,11008.710900000367,13503.953899999535,-8096.419300000588,-6160.224300000107
2021-01-27 07,10375.656900000293,12196.564499999693,-7850.067400000202,-5182.996200000063
2021-01-27 08,13429.56540000036,17362.60749999939,-10969.343799999737,-8134.381100000229
2021-01-27 09,21824.988700000646,28616.968299999986,-14221.344699999325,-10206.15429999994
2021-01-27 10,28049.350100002084,38892.00329999844,-17860.37679999878,-13340.2605999993
2021-01-27 11,33664.487900001615,46254.520699997214,-20972.69989999831,-15083.925299999233
2021-01-27 12,44340.20830000342,62822.67659998387,-28068.436999998827,-19907.23629999911
2021-01-27 13,38775.94290000115,51523.60719999648,-23097.98599999887,-17602.390299999184
2021-01-27 14,32652.3839000026,42768.697499998154,-19296.067599999104,-14241.554299999209
2021-01-27 15,31697.38550000068,40514.013499998495,-19208.0050999987,-14087.559499999303
2021-01-27 16,32489.097800001065,39537.24269999954,-20025.043399998973,-15254.547599999052
2021-01-27 17,32005.19380000036,37424.23470000066,-17552.18769999904,-13795.70119999963
2021-01-27 18,27057.90890000033,32050.834999998824,-19009.12499999907,-15493.646699999697
2021-01-27 19,43265.227999998955,63450.827199994485,-34981.89699999797,-24827.57719999934
2021-01-27 20,31858.31320000069,39151.30490000027,-19128.56109999923,-13819.033899999658
2021-01-27 21,28788.00660000089,33500.49210000109,-15732.621599999406,-12343.503700000054
2021-01-27 22,24445.895800000082,28569.07140000011,-13649.411099999934,-10486.22520000026
2021-01-27 23,24148.402000000573,27389.071000000346,-13017.284599999914,-9915.463200000171
2021-01-28 00,22595.507099999835,25699.82599999945,-11880.780300000011,-9595.562400000288
2021-01-28 01,19600.59330000026,22612.749299999803,-11789.319399999973,-9553.333600000196
2021-01-28 02,17519.971899999895,20627.423499999717,-10207.102400000122,-8121.8996000003035
2021-01-28 03,13161.971600000097,16006.918899999197,-9291.445500000122,-7599.388300000324
2021-01-28 04,13146.62429999997,16413.03599999921,-8208.18280000045,-6463.032100000159
2021-01-28 05,11878.792000000107,15667.439999999187,-8109.445300000379,-6230.303000000129
2021-01-28 06,16526.282600000028,20503.88079999977,-9797.311500000149,-7663.68210000028
2021-01-28 07,19094.19249999964,22990.36509999904,-12104.663599999743,-9364.449500000124
2021-01-28 08,27316.41469999914,34193.933199999585,-24280.90109999655,-19769.477099998352
2021-01-28 09,31302.788799999624,40313.01429999866,-27197.958599996877,-21808.92609999838
2021-01-28 10,41548.11050000247,53225.004599997046,-30418.99379999632,-24301.479399997443
2021-01-28 11,33144.88850000164,42043.912999998174,-25095.172799997672,-20077.030199998797
2021-01-28 12,34946.258600001034,42421.20329999903,-26250.906799997756,-20666.19069999851
2021-01-28 13,27318.346899999862,32979.085399999785,-22537.17279999813,-17086.993499999408
2021-01-28 14,33994.24419999891,40902.290899998356,-25993.12219999784,-21426.92029999951
2021-01-28 15,33231.92200000009,38468.6655000001,-25134.862999997684,-20894.700499999344
2021-01-28 16,29030.120200000012,32163.04060000035,-21840.325999998124,-18701.660099999153
2021-01-28 17,24849.71079999917,27757.127399999525,-18869.596599999102,-16187.362499999655
2021-01-28 18,23148.487399999874,25811.77009999979,-15804.507799999295,-13401.040100000064
2021-01-28 19,21395.143699999866,23934.14029999987,-14104.592199999855,-11990.368099999925
2021-01-28 20,17087.398899999953,18422.466799999023,-13207.340099999834,-11008.752700000092
2021-01-28 21,16743.74590000013,18200.04419999973,-10797.870199999987,-9054.085200000125
2021-01-28 22,17242.0542999997,19211.09939999932,-10886.230800000238,-8885.630400000333
2021-01-28 23,17556.63439999982,19545.083899999514,-11436.609700000106,-9116.095600000293
2021-01-29 00,14177.891300000061,15921.747799999619,-9034.32460000028,-7693.126000000183
2021-01-29 01,10262.906400000173,11535.058699999776,-6353.397900000215,-5209.215300000095
2021-01-29 02,8144.482500000231,8823.28050000022,-4950.82350000006,-4223.844499999977
2021-01-29 03,6758.482400000177,7589.477600000249,-4245.602499999978,-3503.750399999992
2021-01-29 04,6537.781500000226,7544.24950000027,-4411.829900000002,-3580.2353999999664
2021-01-29 05,6509.365700000186,7671.1225000001805,-4363.976299999992,-3432.0330999999574
2021-01-29 06,6938.563700000157,8310.691800000286,-4704.048800000024,-3843.7205000000113
2021-01-29 07,9422.366400000205,10461.77030000003,-7273.127600000243,-6253.722500000176
2021-01-29 08,11811.796699999995,13200.851099999853,-7515.191900000235,-6306.345300000079
2021-01-29 09,13262.9275000003,15131.223499999202,-8365.195000000334,-6987.6112000001
2021-01-29 10,15432.495000000175,18609.422299999496,-9720.175200000162,-7950.156800000236
2021-01-29 11,13882.816900000083,15714.616299999445,-8630.393000000331,-6506.913200000209
2021-01-29 12,12146.682800000299,13744.440199999464,-7246.781900000207,-5959.408100000066
2021-01-29 13,11772.613400000146,14108.598599999548,-6837.8784000002515,-5621.983700000088
2021-01-29 14,10192.702000000267,11953.503099999818,-6583.438500000226,-5400.025100000074
2021-01-29 15,10302.215200000237,12151.402999999904,-5804.530300000098,-4541.073500000024
2021-01-29 16,9977.132500000242,11206.762999999875,-5232.121700000111,-4254.513999999979
2021-01-29 17,10527.378000000277,11870.018099999834,-5912.930400000103,-4766.312700000011
2021-01-29 18,12928.271600000056,15115.58489999961,-6600.810700000143,-4963.533000000043
2021-01-29 19,13146.063199999971,15879.492399999472,-7306.98240000025,-5449.070400000061
2021-01-29 20,13813.102400000009,16341.322599999268,-7762.139600000329,-6228.116200000169
2021-01-29 21,14230.275499999943,16910.213399999167,-7748.4706000003625,-6111.295500000201
2021-01-29 22,13126.632399999935,15382.081899999479,-6987.890300000154,-5092.279800000007
2021-01-29 23,13465.988899999824,15852.529599999294,-7032.850100000279,-5303.9779000000735
2021-01-30 00,12011.218300000028,14335.802099999553,-6302.984700000135,-4618.008600000016
2021-01-30 01,10270.004500000128,12508.130799999777,-5613.958100000075,-4271.849800000011
2021-01-30 02,9542.086400000208,11288.577599999944,-5005.371000000062,-3838.691599999982
2021-01-30 03,7740.46520000034,9218.42160000012,-4421.1053,-3290.3881999999717
2021-01-30 04,7808.117700000374,9363.488500000076,-4256.245899999975,-3101.6314999999922
2021-01-30 05,7138.5669000003245,8514.307900000218,-4155.031499999981,-3136.167800000012
2021-01-30 06,6741.921400000263,7416.2180000003,-4076.841099999976,-2979.381400000004
2021-01-30 07,7887.467200000337,9176.408800000288,-4436.920600000023,-3153.104500000004
2021-01-30 08,10094.124900000219,11998.285399999831,-5472.620600000101,-4232.738799999956
2021-01-30 09,12283.423600000098,14240.756799999826,-6799.318700000219,-5225.391000000053
2021-01-30 10,14819.053799999741,16975.408999999585,-7172.125200000233,-5338.568800000069
2021-01-30 11,16121.432499999773,18868.89819999971,-8196.85560000028,-5825.626700000081
2021-01-30 12,14774.20749999998,16894.363299999673,-7414.166000000311,-5421.0556000001
2021-01-30 13,14096.582599999943,16140.398899999333,-7395.470000000259,-5296.061300000078
2021-01-30 14,14769.73689999979,17862.413099999376,-7184.513000000287,-5100.197900000089
2021-01-30 15,14439.474199999608,17213.616799999152,-7769.679600000265,-6066.954100000142
2021-01-30 16,15333.345199999689,17994.04079999956,-7302.749600000229,-5349.428000000052
2021-01-30 17,14737.374699999724,17986.592799999496,-7586.762000000293,-5159.414200000089
2021-01-30 18,12878.378999999903,15076.727099999474,-6632.079900000195,-4989.960400000047
2021-01-30 19,12159.085800000155,14495.927599999608,-6339.4845000001615,-4720.186700000027
2021-01-30 20,11481.963900000044,13552.606199999589,-5738.45170000007,-4401.911900000011
2021-01-30 21,10339.67620000016,12533.487799999803,-5353.367300000094,-3701.7175000000293
2021-01-30 22,9893.862800000199,11803.034499999856,-5081.51630000008,-3836.7118999999934
2021-01-30 23,8789.017200000264,10687.172599999963,-4540.4825000000155,-3280.0151999999875
2021-01-31 00,7951.484000000353,9687.755400000042,-4067.620899999982,-2835.922599999995
2021-01-31 01,6542.691000000208,7648.321100000211,-3217.602799999996,-2210.143799999982
2021-01-31 02,5488.340300000108,6580.593200000133,-3023.730699999998,-2281.48529999999
2021-01-31 03,5260.845000000057,6105.314500000106,-2668.5732999999923,-2018.3532999999902
2021-01-31 04,4362.136099999951,5001.877699999997,-2445.1119999999937,-1754.3081000000038
2021-01-31 05,3675.1867999999545,4289.9338,-2058.0944999999956,-1507.7129999999984
2021-01-31 06,3676.831299999938,4361.760499999993,-2159.971199999994,-1596.2971999999975
2021-01-31 07,3968.5644999999577,4912.072800000032,-2248.041899999986,-1745.5143999999937
2021-01-31 08,5223.752000000023,6449.571100000116,-2685.349499999997,-1936.9566999999981
2021-01-31 09,6646.780700000136,8197.165100000142,-3640.760399999986,-2516.872499999988
2021-01-31 10,8457.755700000336,10364.137500000026,-4240.136999999978,-3006.624099999989
2021-01-31 11,9630.402200000091,11594.444399999933,-4486.877000000012,-3154.6449999999795
2021-01-31 12,10496.443000000167,12572.747999999905,-5547.624800000057,-4034.78369999997
2021-01-31 13,10410.406100000126,12091.321399999732,-4799.391800000045,-3584.884999999964
2021-01-31 14,10320.428000000273,12134.788299999938,-4813.129800000043,-3498.746400000011
2021-01-31 15,10064.803600000236,11975.463199999904,-4881.448200000046,-3380.24469999998
2021-01-31 16,10539.823800000064,12377.146399999743,-4723.564800000061,-3394.606999999981
2021-01-31 17,9822.270300000153,11673.549899999747,-4254.872000000002,-2891.1616999999733
2021-01-31 18,9205.830300000218,10917.008499999869,-4849.984600000049,-3120.6272999999915
2021-01-31 19,9092.417700000302,10835.54779999996,-4658.4643000000315,-3322.1475999999802
2021-01-31 20,7849.250900000282,9072.968600000102,-4080.3486999999704,-3128.181799999973
2021-01-31 21,6997.577400000199,8016.274100000214,-3087.697199999981,-2287.466699999991
2021-01-31 22,7021.059500000222,7944.739200000207,-3016.7555999999904,-2368.847299999994
2021-01-31 23,8274.998800000352,9583.613900000104,-4260.464500000014,-3450.0043999999607
2021-02-01 00,9674.522000000277,11353.160899999972,-4499.540400000015,-3504.570899999996
2021-02-01 01,9648.854900000271,11409.654099999838,-4675.79570000001,-3497.468399999983
2021-02-01 02,5348.223900000073,6132.5409000000955,-3049.2696999999935,-2282.977899999975
2021-02-01 03,5008.721600000042,5882.346400000075,-2993.632599999997,-2490.5006999999923
2021-02-01 04,4826.691099999997,5880.56920000005,-2412.7994999999937,-1899.9341999999995
2021-02-01 05,4707.389600000024,5805.439600000087,-3055.387599999991,-2376.399899999984
2021-02-01 06,5506.147500000091,6831.533100000219,-3347.9962999999902,-2715.766100000002
2021-02-01 07,7250.6597000002075,8867.981300000129,-4931.657100000049,-3743.3328999999626
2021-02-01 08,10892.781100000286,13418.676099999526,-6818.7504000002145,-5646.933400000143
2021-02-01 09,19243.50600000074,24896.89500000039,-11035.707599999978,-8170.533500000304
2021-02-01 10,36754.25130000206,48189.5962999971,-23190.626199998078,-16803.497799999408
2021-02-01 11,28275.984200001843,34657.931700001434,-14583.979699999272,-10804.289800000102
2021-02-01 12,22445.308100000828,27256.288400000616,-12405.382899999559,-9034.319500000305
2021-02-01 13,24405.588200001235,29166.68670000044,-12981.781399999616,-9488.502300000122
2021-02-01 14,24457.986300001397,28346.417100000945,-12908.3533999997,-9705.98610000008
2021-02-01 15,25255.08540000094,30126.01000000048,-14434.12999999958,-11065.669399999993
2021-02-01 16,29952.49170000071,34778.759500000335,-15521.449699999785,-11669.231500000098
2021-02-01 17,27789.832700000974,32556.48990000065,-15750.200499999462,-11818.84909999996
2021-02-01 18,27326.822700001914,31218.318100001077,-14368.482699999517,-11210.950600000073
2021-02-01 19,24117.88440000041,27273.68740000012,-13168.105799999972,-10212.792400000468
2021-02-01 20,24622.864900000255,27136.453100001043,-12870.885499999795,-10204.112900000127
2021-02-01 21,23425.255999999754,26338.08460000019,-11836.69089999987,-9474.749600000257
2021-02-01 22,22799.71790000044,25231.214299999923,-12167.734399999785,-9741.428000000149
2021-02-01 23,20494.540399999725,22334.41230000018,-9787.226300000042,-7847.979800000357
2021-02-02 00,18130.71940000017,19798.433499999544,-8451.230900000304,-6799.348500000223
2021-02-02 01,13630.898000000172,14513.61969999945,-7424.556800000117,-5827.405800000102
2021-02-02 02,10396.86190000026,11111.896400000081,-6470.137200000236,-5437.958100000088
2021-02-02 03,8884.118000000288,9627.226199999963,-5611.37870000012,-4347.418100000049
2021-02-02 04,7831.102300000234,9299.544800000105,-5641.698600000086,-4471.713100000035
2021-02-02 05,9064.907400000195,11009.92939999999,-6480.5152000001835,-5397.059400000074
2021-02-02 06,11401.306200000214,13172.570499999409,-6868.621100000242,-5915.12560000019
2021-02-02 07,13442.045600000078,15581.604799998937,-8829.610500000155,-6834.322300000159
2021-02-02 08,22119.216200000315,26367.200599999014,-15031.207499998924,-11322.034299999801
2021-02-02 09,44090.133400001934,56583.2144999932,-29625.731099996305,-22840.875399998873
2021-02-02 10,57923.727800006985,74162.92230000065,-40318.67559999844,-30121.5941999992
2021-02-02 11,54044.916700000875,67818.58459999236,-31841.370499997796,-21740.51059999872
2021-02-02 12,42264.076200000025,49980.65399999708,-24882.068199997462,-18880.80699999908
2021-02-02 13,28358.752600002415,32851.433200002684,-14641.34399999978,-11565.295200000266
2021-02-02 14,29837.657600000693,34505.91279999954,-15473.729799999644,-11855.059299999963
2021-02-02 15,31155.428300001404,34965.775200000295,-15167.708799999627,-11813.070099999912
2021-02-02 16,35034.23980000011,40792.84369999881,-20758.238799998697,-15505.510600000081
2021-02-02 17,30732.7678000007,34542.1140000002,-15255.595899999318,-11799.2491
2021-02-02 18,24163.08199999952,26856.794899999226,-13746.399599999946,-11404.048200000076
2021-02-02 19,24811.458800000066,26618.390100000506,-12088.320399999813,-9477.168400000215
2021-02-02 20,25584.86989999935,27044.683199999068,-11934.366300000056,-9752.040800000226
2021-02-02 21,20920.885500000444,22357.93339999991,-10543.052700000038,-8710.13320000015
2021-02-02 22,19842.301399999917,21576.585199999692,-10606.198500000128,-8378.305100000249
2021-02-02 23,18311.029899999714,19426.53269999984,-9652.85370000019,-7958.840200000231
2021-02-03 00,15958.788500000192,17363.533199999394,-8204.669900000326,-6641.537300000096
2021-02-03 01,13982.748100000194,15702.868699999524,-7175.872200000266,-5709.98610000008
2021-02-03 02,10577.131800000105,11884.7891999996,-5552.931200000031,-4648.806100000044
2021-02-03 03,9362.748200000186,10334.872799999921,-5509.264900000156,-4449.56209999996
2021-02-03 04,8741.887700000278,9763.536900000032,-5688.12570000017,-4638.549400000081
2021-02-03 05,10192.842200000321,12213.489099999608,-5790.158200000118,-4616.644800000083
2021-02-03 06,10919.468100000302,12455.630299999711,-5156.638100000079,-3938.385700000028
2021-02-03 07,11537.354100000299,13237.310699999782,-6537.344300000231,-5251.67500000015
2021-02-03 08,16680.47859999961,18540.358799999696,-9164.375800000285,-7357.271700000268
2021-02-03 09,25379.640000000418,29971.344900000524,-11193.55739999994,-8651.40690000031
2021-02-03 10,28578.997600000253,33382.32359999999,-13076.785999999614,-10119.469800000254
2021-02-03 11,25463.513900000627,29335.96929999963,-12052.103999999968,-9499.264500000041
2021-02-03 12,22408.43969999979,25854.19529999888,-9728.50900000017,-7432.35020000008
2021-02-03 13,21044.74949999979,25415.709899998765,-10431.833800000079,-7771.658000000267
2021-02-03 14,20650.13680000006,24610.306499999147,-8987.37960000007,-6613.213800000148
2021-02-03 15,19153.90119999972,21462.401999999558,-9040.496800000294,-7625.123200000285
2021-02-03 16,18798.89069999973,21963.879999999546,-9028.158600000173,-6773.5229000000745
2021-02-03 17,16029.819900000046,17841.912999999484,-7832.741100000218,-6272.560500000205
2021-02-03 18,14455.236099999727,16568.652699999224,-8279.861200000283,-6621.390700000257
2021-02-03 19,14012.922799999938,15537.443399999327,-6774.032400000219,-5580.6855000000705
2021-02-03 20,14505.457099999912,16065.922699999299,-7082.038500000186,-5859.916600000058
2021-02-03 21,15151.97149999968,16035.374399999204,-7346.563200000194,-5918.29890000006
2021-02-03 22,16062.509300000125,18077.425399999334,-8034.261900000269,-6158.184800000203
2021-02-03 23,19905.046399999323,21424.089799999518,-11318.190199999992,-9177.0199000002
2021-02-04 00,14043.973300000285,15277.450099999865,-8160.213400000164,-7182.187500000097
2021-02-04 01,10089.444900000144,11226.600999999773,-6009.490400000101,-5082.6436000000895
2021-02-04 02,6920.70210000024,7777.703400000085,-4877.377400000084,-4107.293500000021
2021-02-04 03,6611.876300000157,7368.04890000008,-5253.371400000108,-4327.718300000033
2021-02-04 04,8157.714500000366,9513.952300000088,-5820.940300000119,-4519.980600000046
2021-02-04 05,8375.758800000202,9531.413099999969,-5969.497000000141,-4659.344800000007
2021-02-04 06,9915.152900000197,11547.24839999991,-6067.2048000002205,-4813.582800000116
2021-02-04 07,12037.95950000014,13772.715199999833,-6382.262400000204,-5240.589800000081
2021-02-04 08,14589.36490000011,16672.834299999337,-7937.160400000552,-6313.316000000171
2021-02-04 09,18777.347800000116,22272.869199999048,-10693.928800000058,-8546.49900000025
2021-02-04 10,24496.394699999335,28452.570599999282,-14949.478999999614,-11650.018400000183
2021-02-04 11,32780.06289999957,36975.612400000355,-21186.986899998727,-17320.857399999353
2021-02-04 12,27163.517600000283,30250.600399999923,-15162.594499999566,-11412.935500000276
2021-02-04 13,29323.094799999217,32286.90719999804,-18540.15349999968,-14219.264500000052
2021-02-04 14,28458.317700000294,31336.119099999483,-16000.05479999961,-13076.37370000022
2021-02-04 15,25812.754700000663,27802.755699999867,-14646.624599999423,-11472.58819999997
2021-02-04 16,25970.206899998895,28780.763499997745,-16138.155299999356,-12924.244699999776
2021-02-04 17,23881.967400000176,26302.248300000025,-14188.548699999998,-11478.252300000284
2021-02-04 18,25648.74130000016,28661.343799999857,-14599.054799999487,-11892.554700000046
2021-02-04 19,24052.24729999894,25744.156899998852,-13221.772499999724,-10781.689000000073
2021-02-04 20,15982.597799999865,17165.52199999941,-8780.266400000237,-7401.996500000236
2021-02-04 21,11515.260900000034,12621.748899999806,-6115.401500000051,-5151.40650000002
2021-02-04 22,9157.165300000128,10022.434799999968,-4723.226900000027,-3721.2724999999555
2021-02-04 23,7608.166400000406,8202.556800000342,-3629.069600000025,-3090.004200000008
2021-02-05 00,5802.882500000065,6107.466200000108,-2639.061399999991,-2112.3563999999956
2021-02-05 01,3913.326899999965,4283.228300000029,-1933.6623000000002,-1641.389300000003
2021-02-05 02,3793.1270999999592,4082.278799999976,-1883.473599999999,-1500.2907000000025
2021-02-05 03,2561.0027999999825,2727.968099999991,-1553.433699999994,-1312.5363000000018
2021-02-05 04,2055.9277000000097,2292.5925000000057,-1522.2986999999976,-1127.8316
2021-02-05 05,2064.8753999999994,2324.05320000002,-966.6756000000006,-614.1974000000002
2021-02-05 06,1808.6306000000102,2056.4171000000106,-814.6405,-714.5662999999995
2021-02-05 07,2293.168300000002,2331.639500000014,-1004.3359000000054,-810.3507999999998
2021-02-05 08,2890.848399999987,3192.6936999999994,-1152.8930999999995,-860.4096000000039
2021-02-05 09,2485.1783999999684,2657.547199999982,-1160.9394999999977,-907.7023000000044
2021-02-05 10,2779.2416999999787,3014.705699999992,-994.9920000000016,-812.5087999999997
2021-02-05 11,1961.1140999999993,2186.1660000000056,-850.1502000000021,-726.9396000000011
2021-02-05 12,1815.6928000000073,2062.975799999997,-820.3498000000005,-555.8303999999977
2021-02-05 13,1318.1873000000041,1484.5785000000071,-618.1281000000013,-554.1478000000013
2021-02-05 14,1269.3037000000027,1429.9141000000006,-485.2880000000009,-360.0963999999982
2021-02-05 15,1444.328400000006,1671.1202000000021,-523.9574999999984,-454.64070000000004
2021-02-05 16,1199.020000000002,1250.2737000000063,-526.678700000001,-415.8475999999996
2021-02-05 17,784.8142000000032,957.444300000006,-330.75789999999984,-232.51970000000028
2021-02-05 18,1145.6229000000008,1322.788799999998,-409.6359999999991,-253.98829999999947
2021-02-05 19,706.030800000001,774.9234000000006,-343.9337999999995,-265.58879999999965
2021-02-05 20,707.8733000000024,893.4443999999997,-130.4178,-63.397399999999976
2021-02-05 21,856.160300000001,968.0605000000015,-391.94770000000034,-381.2410000000003
2021-02-05 22,507.0087999999991,492.85019999999884,-169.2591000000001,-164.54339999999988
2021-02-05 23,312.62659999999966,321.0269999999994,-80.01379999999992,-86.28019999999991
2021-02-06 00,301.40889999999996,342.6508999999998,-164.18060000000037,-99.82689999999984
2021-02-06 01,337.7463999999998,395.23839999999916,-90.49629999999982,-66.31839999999988
2021-02-06 02,195.2048,202.0765000000003,-175.1445999999998,-144.36619999999985
2021-02-06 03,181.41600000000003,205.78549999999984,-144.06329999999994,-110.14209999999981
2021-02-06 04,135.99730000000014,170.65160000000006,-109.23149999999981,-100.68269999999983
2021-02-06 05,58.6179,67.83830000000003,-77.35569999999991,-77.80069999999992
2021-02-06 06,189.64699999999996,201.53940000000026,-51.71749999999996,-14.707399999999978
2021-02-06 07,212.47770000000034,250.60830000000044,-84.4435999999999,-51.628300000000024
2021-02-06 08,215.4469000000001,258.06220000000036,-106.58790000000003,-102.74500000000015
2021-02-06 09,531.3025000000001,499.1854000000016,-191.0225999999999,-133.3515
2021-02-06 10,265.58430000000044,294.22890000000046,-181.02800000000028,-180.88639999999995
2021-02-06 11,344.4899000000008,370.47680000000094,-92.05489999999992,-82.14849999999996
2021-02-06 12,397.03789999999964,486.18189999999834,-83.21489999999996,-69.14549999999996
2021-02-06 13,409.07699999999994,429.31519999999915,-93.42280000000005,-85.53940000000009
2021-02-06 14,421.4561999999996,480.63959999999855,-212.89319999999972,-164.70040000000014
2021-02-06 15,222.79110000000043,260.4048000000004,-115.5331999999998,-105.83139999999997
2021-02-06 16,373.0188999999999,406.05119999999994,-28.548099999999998,-27.202100000000012
2021-02-06 17,320.2217000000002,272.21510000000063,-123.0134999999999,-91.70059999999982
2021-02-06 18,272.82589999999993,281.30620000000005,-95.94319999999995,-81.34349999999989
2021-02-06 19,193.9259,214.01239999999993,-76.7496000000001,-62.40020000000001
2021-02-06 20,137.50889999999993,152.5966999999997,-90.86989999999992,-84.22550000000001
2021-02-06 21,184.2695999999997,215.35479999999967,-75.21439999999998,-78.49280000000002
2021-02-06 22,263.3136999999998,295.8074000000003,-33.863200000000006,-30.422599999999996
2021-02-06 23,191.50609999999978,200.2717,-171.47519999999997,-162.55170000000012
